"name","key_mlbam","key_bbref"
"Jed Bradley",605152,"bradlje01"
"Casey Sadler",594987,"sadleca02"
"Hanley Ramirez",434670,"ramirha01"
"Tyler Smith",642094,"smithty01"
"Tony Sipp",448609,"sippto01"
"Ryan Vogelsong",285064,"vogelry01"
"Edwar Colina",666674,"colined01"
"Roberto Gómez",596816,"gomezro01"
"Jake Petricka",502593,"petrija01"
"Matt Hall",664180,"hallma02"
"Alex Mejia",622270,"mejiaal01"
"Troy Scribner",644428,"scribtr01"
"Dean Kiekhefer",518883,"kiekhde01"
"Wilson Ramos",467092,"ramoswi01"
"Jo-Jo Reyes",457456,"reyesjo03"
"Jordan Pacheco",457574,"pachejo01"
"Justin Miller",502522,"milleju02"
"Brett Hayes",451109,"hayesbr01"
"Jordan Zimmermann",519455,"zimmejo02"
"Kyle Bird",613317,"birdky01"
"Dan Otero",519096,"oteroda01"
"Rafael Ynoa",501255,"ynoara01"
"Odrisamer Despaigne",628333,"despaod01"
"Daniel Nava",537953,"navada01"
"Patrick Schuster",572119,"schuspa01"
"Stephen Gonsalves",624427,"gonsast01"
"Collin Cowgill",518577,"cowgico01"
"Brandon Barnes",488681,"barnebr02"
"Preston Claiborne",502011,"claibpr01"
"Spencer Turnbull",605513,"turnbsp01"
"Jordan Danks",458668,"danksjo02"
"Matt Adams",571431,"adamsma01"
"Grant Green",502205,"greengr01"
"Brandyn Sittinger",670087,"sittibr01"
"Brailyn Marquez",666622,"marqubr01"
"Garrett Crochet",676979,"crochga01"
"Beau Taylor",607333,"taylobe11"
"Matt Tracy",595441,"tracyma01"
"Jason García",592329,"garcija03"
"Jen-Ho Tseng",627500,"tsengje01"
"Carlos Peguero",451713,"pegueca01"
"Khris Davis",501981,"daviskh01"
"A. J. Cole",595918,"coleaj01"
"Greg Garcia",594824,"garcigr01"
"Austen Williams",657117,"williau01"
"Ian Parmley",622210,"parmlia01"
"Cam Bedrosian",592135,"bedroca01"
"Chad Billingsley",451532,"billich01"
"Devin Mesoraco",519023,"mesorde01"
"Daniel Muno",594940,"munoda01"
"César Puello",527049,"puellce01"
"Coco Crisp",424825,"crispco01"
"Tyson Ross",475115,"rossty01"
"Ben Bowden",641386,"bowdebe01"
"Josh Edgin",572831,"edginjo01"
"Kevin Gregg",276514,"greggke01"
"Logan Morrison",489149,"morrilo01"
"Jose Tabata",467798,"tabatjo01"
"Brian Duensing",488846,"duensbr01"
"Jonathan Lucroy",518960,"lucrojo01"
"Shawn Kelley",518875,"kellesh01"
"Kyle Martin",573016,"martiky01"
"Edgar García",658305,"garcied01"
"Miguel Del Pozo",600887,"delpomi01"
"J. R. Murphy",571974,"murphjr01"
"Chris Rearick",595371,"rearich01"
"Tyler Bashlor",641341,"bashlty01"
"Jeanmar Gómez",491646,"gomezje01"
"Jose De Paula",517059,"depaujo02"
"Sam LeCure",459967,"lecursa01"
"Justin Hancock",606995,"hancoju01"
"Kyle Funkhouser",608335,"funkhky01"
"Iván De Jesús",474443,"dejesiv02"
"Seth Elledge",676220,"elledse01"
"Masahiro Tanaka",547888,"tanakma01"
"Joe Blanton",430599,"blantjo01"
"Francisco Peña",506747,"penafr01"
"Jeff Ferrell",594815,"ferreje01"
"Layne Somsen",643550,"somsela01"
"Zach Neal",594943,"nealza01"
"Carson Blair",542942,"blairca01"
"Luis Marté",606336,"martelu02"
"Ryan Garton",623439,"gartory01"
"Yoervis Medina",500721,"medinyo01"
"Joe Harvey",642840,"harvejo01"
"Stephen Ridings",670050,"ridinst01"
"Josh Wilson",425543,"wilsojo03"
"Brandon Maurer",543506,"maurebr01"
"Victor Alcántara",622505,"alcanvi01"
"Tony Renda",573113,"rendato01"
"Ryan Webb",444436,"webbry01"
"Charlie Tilson",605508,"tilsoch01"
"Jacob Turner",545363,"turneja01"
"Héctor Rondón",444468,"rondohe01"
"Jon Lester",452657,"lestejo01"
"John Mayberry",460055,"maybejo02"
"Hernán Pérez",541650,"perezhe01"
"Sean Rodríguez",446481,"rodrise01"
"David Washington",572241,"washida01"
"Erick Mejia",625510,"mejiaer01"
"Dallas Beeler",542923,"beeleda01"
"Joel De La Cruz",503444,"delacjo01"
"Rubby De La Rosa",523989,"delarru01"
"Kevin Kramer",596012,"krameke01"
"Nick Swisher",430897,"swishni01"
"Rangel Ravelo",592660,"ravelra01"
"John Bormann",657524,"bormajo01"
"Zac Reininger",643617,"reiniza01"
"Ben Taylor",664701,"taylobe10"
"Tyler Chatwood",543022,"chatwty01"
"Carter Kieboom",666198,"kieboca01"
"Victor González",624647,"gonzavi02"
"Cory Rasmus",474284,"rasmuco02"
"Chris Withrow",519437,"withrch01"
"Angel Castro",502162,"castran01"
"José Mujica",620445,"mujicjo01"
"Danny Worth",519445,"worthda01"
"Pablo Sandoval",467055,"sandopa01"
"Brooks Kriske",621139,"kriskbr01"
"Nate Pearson",663878,"pearsna01"
"Willy García",591994,"garciwi01"
"Jabari Blash",518466,"blashja01"
"Brandon Kintzler",445213,"kintzbr01"
"Brian Johnson",598271,"johnsbr02"
"Joe Palumbo",643478,"palumjo01"
"Ryan Eades",592280,"eadesry01"
"Myles Jaye",594867,"jayemy01"
"Clay Buchholz",453329,"buchhcl01"
"Adam Rosales",489267,"rosalad01"
"Paul Campbell",669294,"campbpa02"
"Garrett Jones",434540,"jonesga02"
"Brandon Morrow",453344,"morrobr01"
"Daniel Stumpf",621385,"stumpda01"
"Brody Koerner",621259,"koernbr01"
"Aaron Wilkerson",658792,"wilkeaa01"
"Joshua Fuentes",658069,"fuentjo01"
"Jason Gurka",543261,"gurkaja01"
"Taylor Jungmann",543380,"jungmta01"
"Matt Reynolds",519186,"reynoma02"
"Osmer Morales",591672,"moralos01"
"Eddie Gamboa",543195,"gamboed01"
"Iván Nova",467100,"novaiv01"
"Jarrett Parker",592620,"parkeja03"
"Yefri Pérez",570639,"perezye01"
"Brandon Brennan",592165,"brennbr01"
"Jesús Reyes",660875,"reyesje01"
"Juan Nicasio",504379,"nicasju01"
"Erick Castillo",602080,"castier01"
"Mike Bolsinger",502211,"bolsimi01"
"Eduardo Jiménez",621592,"jimened01"
"Tyler Austin",592122,"austity01"
"Dexter Fowler",451594,"fowlede01"
"Adrián Beltré",134181,"beltrad01"
"Edwin Escobar",546276,"escobed02"
"Mike Pelfrey",460059,"pelfrmi01"
"Christin Stewart",621514,"stewach02"
"José Martínez",500874,"martijo08"
"Jered Weaver",450308,"weaveje02"
"Griffin Canning",656288,"cannigr01"
"Zach Putnam",474029,"putnaza01"
"Alex Meyer",543542,"meyeral01"
"Ryan Schimpf",572114,"schimry01"
"Chris Capuano",425626,"capuach01"
"Matt Belisle",279571,"belisma01"
"Devon Travis",581527,"travide01"
"Dustin Antolin",542884,"antoldu01"
"Bruce Rondón",541652,"rondobr01"
"Bartolo Colon",112526,"colonba01"
"Cesár Ramos",459987,"ramosce01"
"Henderson Alvarez",506693,"alvarhe01"
"Addison Reed",592665,"reedad01"
"Arnold Leon",504186,"leonar01"
"Brad Ziegler",446899,"zieglbr01"
"Roberto Hernandez",433584,"carmofa01"
"Daniel Murphy",502517,"murphda08"
"Rafael Soriano",400089,"soriara01"
"Rex Brothers",571521,"brothre01"
"Henry Owens",596064,"owenshe02"
"Rico Noel",592596,"noelri02"
"Chris Marrero",502029,"marrech01"
"Manny Barreda",518435,"barrema03"
"Bryan Holaday",592407,"holadbr01"
"Jeremy Walker",668683,"walkeje02"
"Jhonatan Solano",500207,"solanjh01"
"Cody Anderson",594736,"anderco01"
"José Torres",600526,"torrejo02"
"Kyle Hart",606996,"hartky01"
"Michael Saunders",459431,"saundmi01"
"Jacoby Ellsbury",453056,"ellsbja01"
"Ryan Merritt",607320,"merriry01"
"Cy Sneed",605482,"sneedcy01"
"Danny Barnes",592130,"barneda02"
"Preston Guilmet",543258,"guilmpr01"
"Edgar Olmos",543607,"olmosed01"
"Lucas Harrell",449173,"harrelu01"
"Bruce Maxwell",622194,"maxwebr01"
"Cody Allen",592102,"allenco01"
"Donovan Hand",518764,"handdo01"
"Pat Light",572990,"lightpa01"
"Richard Urena",620446,"urenari01"
"Humberto Arteaga",600858,"arteahu01"
"Jason Pridie",445095,"pridija01"
"Travis Ishikawa",448170,"ishiktr01"
"Juan Graterol",492802,"grateju01"
"Jon Jay",445055,"jayjo02"
"Johneshwy Fargas",641561,"fargajo01"
"Danny Burawa",592181,"burawda01"
"Alexi Amarista",506560,"amarial01"
"Edubray Ramos",591693,"ramosed02"
"Shane Peterson",451089,"petersh01"
"Nick Vincent",543883,"vinceni01"
"José Devers",672701,"deverjo01"
"Tuffy Gosewisch",488912,"gosewtu01"
"Thomas Pannone",623381,"pannoth01"
"Jonathan Diaz",502409,"diazjo02"
"Jacob Webb",657097,"webbja01"
"Jacob Waguespack",621097,"wagueja01"
"Aramis Ramirez",133380,"ramirar01"
"Chris Tillman",501957,"tillmch01"
"Merandy Gonzalez",642571,"gonzame01"
"Kennys Vargas",573627,"vargake01"
"David Freitas",571679,"freitda01"
"Brendan McKay",656713,"mckaybr01"
"Brock Stassi",595426,"stassbr01"
"Josh Fields",451661,"fieldjo03"
"Kevin Quackenbush",534812,"quackke01"
"J. P. Arencibia",450317,"arencjp01"
"Pedro Álvarez",476883,"alvarpe01"
"José Fernández",622774,"fernajo04"
"Gorkys Hernández",491676,"hernago01"
"Peter O'Brien",598284,"obriepe01"
"Kevin Jepsen",448178,"jepseke01"
"Jake Faria",607188,"fariaja01"
"Matt Duffy",592274,"duffyma02"
"Pat Neshek",450212,"neshepa01"
"David DeJesus",430203,"dejesda01"
"Blake Lalli",503351,"lallibl01"
"Dae-ho Lee",493193,"leeda02"
"Alex Reyes",621052,"reyesal02"
"A. J. Jimenez",543362,"jimenaj01"
"Kevin McGowan",641850,"mcgowke01"
"Carlos Moncrief",519037,"moncrca01"
"Will Craig",643269,"craigwi01"
"Arquimedes Caminero",491708,"caminar01"
"Taylor Teagarden",460003,"teagata01"
"Jarred Cosart",543054,"cosarja01"
"C. C. Lee",547348,"leech01"
"Brandon Guyer",446386,"guyerbr01"
"Scott Atchison",425786,"atchisc01"
"Hernan Iribarren",454975,"iribahe01"
"Geovany Soto",434567,"sotoge01"
"Drew Hayes",502457,"hayesdr01"
"James Beresford",503437,"beresja01"
"Pedro Ciriaco",465674,"ciriape01"
"Daniel Corcino",542289,"corcida01"
"Nick Rumbelow",592705,"rumbeni01"
"Brian Goodwin",571718,"goodwbr01"
"Sixto Sánchez",664350,"sanchsi01"
"Cole Hamels",430935,"hamelco01"
"Luiz Gohara",627894,"goharlu01"
"Jerome Williams",425532,"willije01"
"Yennsy Díaz",660546,"diazye01"
"Lonnie Chisenhall",502082,"chiselo01"
"Jesús Sucre",491696,"sucreje01"
"Danny Hultzen",543343,"hultzda01"
"Justin Williams",642211,"williju02"
"Chris Hatcher",501822,"hatchch02"
"Jumbo Diaz",471822,"diazju03"
"Brandon Phillips",408252,"phillbr01"
"David Hernandez",456696,"hernada01"
"Cody Ross",425496,"rossco01"
"Eric Young",458913,"younger03"
"Rymer Liriano",542642,"liriary01"
"Ben Heller",621294,"hellebe01"
"Ronald Herrera",622703,"herrero01"
"Adam Conley",543045,"conlead01"
"Dean Deetz",657209,"deetzde01"
"Chris Gittens",656467,"gittech01"
"Joaquin Arias",435078,"ariasjo01"
"Joe Beimel",346847,"beimejo01"
"Nick Ciuffo",624419,"ciuffni01"
"Corey Oswalt",621261,"oswalco01"
"J. A. Happ",457918,"happja01"
"Elian Herrera",467070,"herreel01"
"John Danks",433579,"danksjo01"
"Curtis Terry",663799,"terrycu01"
"Rick Porcello",519144,"porceri01"
"Eric Stults",445590,"stulter01"
"Chris Reed",607068,"reedch01"
"Brian McCann",435263,"mccanbr01"
"T. J. House",543334,"housetj01"
"Scott McGough",543518,"mcgousc01"
"Clint Robinson",519208,"robincl01"
"Shawn Tolleson",474521,"tollesh01"
"Scooter Gennett",571697,"gennesc01"
"Jacob Wilson",607111,"wilsoja04"
"José De León",592254,"deleojo03"
"Drew Rucinski",607968,"rucindr01"
"Randy Wolf",150116,"wolfra02"
"Christian Colón",518568,"colonch01"
"Nick Franklin",545338,"frankni01"
"AJ Ramos",573109,"ramosaj01"
"Ben Rowen",594985,"rowenbe01"
"Pat Venditte",519381,"vendipa01"
"A. J. Pierzynski",150229,"pierza.01"
"Ben Revere",519184,"reverbe01"
"Dustin Fowler",641583,"fowledu01"
"Taylor Jordan",518863,"jordata01"
"Kelly Johnson",430637,"johnske05"
"Henry Ramos",592656,"ramoshe01"
"Taylor Guilbeau",607555,"guilbta01"
"Rhiner Cruz",462480,"cruzrh01"
"Chris Beck",571476,"beckch02"
"Phillippe Aumont",518418,"aumonph01"
"Nick Masset",434665,"masseni01"
"Ben Paulsen",572019,"paulsbe01"
"Tanner Anderson",664196,"anderta01"
"Nick Hagadone",444935,"hagadni01"
"Ljay Newsome",664714,"newsolj01"
"Don Kelly",430603,"kellydo01"
"Branden Kline",571858,"klinebr01"
"Everth Cabrera",465784,"cabreev01"
"John Nogowski",596056,"nogowjo01"
"Andrew Stevenson",664057,"stevean01"
"Peter Solomon",656981,"solompe01"
"Jim Henderson",449104,"hendeji01"
"Andrew Toles",592808,"tolesan01"
"Josh Rutledge",592710,"rutlejo01"
"Yohan Pino",464416,"pinoyo01"
"Joey Terdoslavich",519345,"terdojo01"
"Logan Schafer",502582,"schaflo01"
"Matt Purke",545357,"purkema01"
"Andrew Romine",461865,"rominan01"
"Jace Fry",605240,"fryja01"
"Mike Ohlman",572000,"ohlmami01"
"Drew Storen",519322,"storedr01"
"Jonathan Broxton",455009,"broxtjo01"
"CD Pelham",641962,"pelhacd01"
"Jordan Patterson",641958,"pattejo03"
"Mike Miller",623166,"millemi01"
"Tim Peterson",623402,"peterti01"
"Ryon Healy",592387,"healyry01"
"Matt Thornton",407819,"thornma01"
"Shawn Morimando",596049,"morimsh01"
"Jake Thompson",622097,"thompja03"
"Daniel Gossett",605254,"gosseda01"
"David Carpenter",502304,"carpeda01"
"Adrián Sanchez",506703,"sanchad01"
"Wilin Rosario",501647,"rosarwi01"
"Freddy Galvis",520471,"galvifr01"
"Adam Plutko",592644,"plutkad01"
"Koda Glover",606983,"gloveko01"
"Dylan Axelrod",518420,"axelrdy01"
"Ryan Vilade",668723,"viladry01"
"Steve Lombardozzi",543459,"lombast02"
"Mark Buehrle",279824,"buehrma01"
"Wes Parsons",641149,"parsowe01"
"Óscar Hernández",591712,"hernaos01"
"Donnie Veal",453264,"vealdo01"
"Taylor Davis",543089,"davista01"
"Ivan Castillo",622668,"castiiv01"
"Jake Buchanan",594772,"buchaja01"
"Ian Thomas",621962,"thomaia01"
"Ty Kelly",571841,"kellyty01"
"Brock Stewart",592779,"stewabr01"
"Billy Burns",542993,"burnsbi02"
"Jerry Sands",543742,"sandsje01"
"Jorge Oña",671250,"onajo01"
"Collin Balester",444446,"balesco01"
"Chris Colabello",499624,"colabch01"
"Spencer Kieboom",571851,"kiebosp01"
"Jonathan Aro",608167,"arojo01"
"Ryan Hartman",670057,"hartmry01"
"Craig Gentry",502226,"gentrcr01"
"Raudel Lazo",612272,"lazora01"
"Isaac Galloway",543194,"gallois01"
"Matt Garza",490063,"garzama01"
"Aaron Hill",431094,"hillaa01"
"Johnny Field",608654,"fieldjo04"
"Branden Pinder",572038,"pindebr01"
"Rubén Tejada",514913,"tejadru01"
"Andre Ethier",444843,"ethiean01"
"Vance Worley",474699,"worleva01"
"Sean Kazmar",453527,"kazmase01"
"Dustin Peterson",640460,"peterdu01"
"Tayron Guerrero",594027,"guerrta01"
"Carter Capps",605169,"cappsca01"
"Neftalí Feliz",491703,"felizne01"
"Fernando Rodriguez",451775,"rodrife02"
"David Ortiz",120074,"ortizda01"
"Shaun Marcum",451788,"marcush01"
"Chase Whitley",595032,"whitlch01"
"Jason Rogers",595386,"rogerja02"
"Tim Melville",543532,"melviti01"
"Adalberto Mejía",606167,"mejiaad01"
"Jason Bourgeois",430652,"bourgja01"
"Darnell Sweeney",572182,"sweenda02"
"Konner Wade",592831,"wadeko01"
"Scott Hurst",656568,"hurstsc01"
"Oliver Drake",543118,"drakeol01"
"Keury Mella",622492,"mellake01"
"Mauricio Cabrera",606291,"cabrema01"
"Ben Zobrist",450314,"zobribe01"
"Andrew Cashner",488768,"cashnan01"
"C. J. Riefenhauser",592677,"riefecj01"
"Mike Zagurski",489448,"zagurmi01"
"Gerardo Concepción",615868,"concege01"
"Bud Norris",502032,"norribu01"
"Angel Perdomo",622780,"perdoan01"
"Garin Cecchini",594555,"cecchga01"
"Tyrell Jenkins",592433,"jenkity01"
"Cole Gillespie",502261,"gilleco01"
"Scott Schebler",594988,"schebsc01"
"Ramón Rosso",665759,"rossora01"
"Fernando Tatís",665487,"tatisfe02"
"Brandon Mann",448167,"mannbr01"
"Peter Bourjos",488721,"bourjpe01"
"Seth Frankoff",571676,"frankse01"
"Ryan Jackson",474249,"jacksry02"
"Jon Duplantier",641541,"duplajo01"
"Ryan Feierabend",456387,"feierry01"
"Phil Hughes",461833,"hugheph01"
"Matt Ramsey",543677,"ramsema01"
"Jake Rogers",668670,"rogerja03"
"Blaine Hardy",543278,"hardybl01"
"Zach Green",608339,"greenza01"
"Kent Emanuel",592288,"emanuke01"
"Max Moroff",621559,"morofma01"
"Humberto Mejía",650668,"mejiahu01"
"Howie Kendrick",435062,"kendrho01"
"Ricardo Sanchez",645307,"sanchri01"
"John Hicks",543308,"hicksjo02"
"Emmanuel Burriss",502034,"burriem01"
"Mike Napoli",435063,"napolmi01"
"Chad Girodo",643325,"girodch01"
"Ariel Jurado",642558,"juradar01"
"Seth Mejias-Brean",623180,"mejiase01"
"Stephen Cardullo",506924,"cardust01"
"Delmon Young",430321,"youngde03"
"Yunel Escobar",488862,"escobyu01"
"Albert Suárez",544150,"suareal01"
"Tommy Joseph",571830,"josepto01"
"Dan Jennings",543359,"jennida01"
"Al Alburquerque",456379,"albural01"
"Seth Rosin",519229,"rosinse01"
"Dawel Lugo",608475,"lugoda01"
"Andrew Triggs",592811,"triggan01"
"Chad Huffman",502151,"huffmch01"
"Adam Morgan",605388,"morgaad01"
"Stevie Wilkerson",592859,"wilkest01"
"Jeremy Hazelbaker",571757,"hazelje01"
"Kyle McGrath",657681,"mcgraky01"
"Troy Tulowitzki",453064,"tulowtr01"
"Scott Feldman",444857,"feldmsc01"
"Steve Delabar",447755,"delabst01"
"Chris Johnson",453400,"johnsch05"
"Ryan Strausborger",595005,"straury01"
"Mike Montgomery",543557,"montgmi01"
"Jack Reinheimer",595373,"reinhja01"
"Abel De Los Santos",593582,"delosab01"
"Stuart Turner",642156,"turnest01"
"Montana DuRapau",657566,"durapmo01"
"O'Koyea Dickson",607297,"dicksok01"
"Allen Craig",501800,"craigal01"
"Danny Duffy",518633,"duffyda01"
"Adam McCreery",607030,"mccread01"
"Ian Kinsler",435079,"kinslia01"
"Dan Winkler",595465,"winklda01"
"Scott Diamond",539438,"diamosc01"
"Greg Mahle",657670,"mahlegr01"
"Tom Wilhelmsen",452666,"wilheto01"
"Fernando Abad",472551,"abadfe01"
"John Gant",607231,"gantjo01"
"Taylor Cole",518566,"coleta01"
"Travis Taijeron",607369,"taijetr01"
"Shed Long",643418,"longsh01"
"Zac Curtis",657205,"curtiza01"
"Jaff Decker",543094,"deckeja01"
"Michael Cuddyer",150212,"cuddymi01"
"DJ Johnson",597113,"johnsdj01"
"Brandon Moss",461235,"mossbr01"
"Luis Valbuena",472528,"valbulu01"
"Chih-Wei Hu",629496,"huch02"
"Shin-Soo Choo",425783,"choosh01"
"Santiago Casilla",433586,"garcija01"
"J. J. Hardy",429666,"hardyjj01"
"Kristopher Negrón",502117,"negrokr01"
"Zach Walters",595025,"walteza01"
"Matt Hague",518755,"haguema01"
"Mark Zagunis",657145,"zagunma01"
"Josh James",657624,"jamesjo02"
"James Loney",425766,"loneyja01"
"Joe Mauer",408045,"mauerjo01"
"Ryan Madson",425492,"madsory01"
"Rob Scahill",543746,"scahiro01"
"Ryan Hanigan",452672,"hanigry01"
"Elliot Soto",519303,"sotoel01"
"Ervin Santana",429722,"santaer01"
"Austin Bibens-Dirkx",502212,"bibenau01"
"Eric Yardley",642233,"yardler01"
"Franklyn Kilome",642584,"kilomfr01"
"Aaron Blair",594760,"blairaa01"
"Francisco Arcia",516472,"arciafr01"
"Brady Rodgers",572086,"rodgebr01"
"Matt Stites",592781,"stitema01"
"Adam Liberatore",571893,"liberad01"
"Andy Parrino",519107,"parrian01"
"Miguel Aguilar",620396,"aguilmi01"
"Kirk Nieuwenhuis",543590,"nieuwki01"
"Jayson Aquino",593969,"aquinja01"
"Oswaldo Arcia",542455,"arciaos01"
"Matt Magill",543483,"magilma01"
"CC Sabathia",282332,"sabatc.01"
"Nick Goody",580792,"goodyni01"
"Kaleb Cowart",592230,"cowarka01"
"Trevor Oaks",656805,"oakstr01"
"Marc Rzepczynski",519240,"rzepcma01"
"Jefry Rodriguez",622446,"rodrije01"
"Hunter Wood",621056,"woodhu01"
"Andrés Blanco",433217,"blancan01"
"Carlos Torres",448614,"torreca01"
"Tyler Olson",621397,"olsonty01"
"Mayckol Guaipe",515052,"guaipma01"
"Matt Joyce",459964,"joycema01"
"Mitch Harris",518771,"harrimi03"
"Chin-hui Tsao",425835,"tsaoch01"
"Jonathan Holder",656547,"holdejo02"
"Jarrod Saltalamacchia",457454,"saltaja01"
"Ramón Cabrera",541608,"cabrera01"
"David Rollins",543716,"rollida01"
"Carl Crawford",408307,"crawfca02"
"Eric Fryer",518700,"fryerer01"
"Wei-Yin Chen",612672,"chenwe02"
"Scott Oberg",623184,"obergsc01"
"Hans Crouse",668968,"crousha01"
"Ryan Dorow",676900,"dorowry01"
"Carlos González",471865,"gonzaca01"
"Drew Pomeranz",519141,"pomerdr01"
"Dan Butler",576788,"butleda01"
"Michael Brady",572728,"bradymi01"
"Adam Moore",446192,"mooread01"
"Phil Ervin",640447,"ervinph01"
"Ricardo Pinto",620982,"pintori01"
"Damien Magnifico",571911,"magnida01"
"Wade LeBlanc",453281,"leblawa01"
"Dan Robertson",543706,"roberda09"
"Brooks Pounders",572044,"poundbr01"
"David Freese",501896,"freesda01"
"Chris Smith",627262,"smithch10"
"Jairo Labourt",607951,"labouja01"
"Colin Walsh",595023,"walshco02"
"Henry Urrutia",625329,"urruthe01"
"Caleb Cotham",571584,"cothaca01"
"Carlos Pérez",542208,"perezca02"
"Luis Alexander Basabe",642772,"basablu01"
"Matt Wieters",446308,"wietema01"
"Caleb Frare",621350,"frareca01"
"Cody Asche",605125,"ascheco01"
"Victor Martinez",400121,"martivi01"
"Luis Escobar",650813,"escoblu01"
"Evan Scribner",519267,"scribev01"
"J. J. Hoover",543331,"hoovejj01"
"Felipe Vázquez",553878,"riverfe01"
"Wesley Wright",449079,"wrighwe01"
"Aaron Harang",421685,"haranaa01"
"Julio Teheran",527054,"teherju01"
"Wyatt Mathisen",621500,"mathiwy01"
"Jimmy Nelson",519076,"nelsoji02"
"Mike Aviles",449107,"avilemi01"
"Kyle Parker",592621,"parkeky01"
"Chance Sisco",642082,"siscoch01"
"Alan Busenitz",641427,"busenal01"
"Domonic Brown",502126,"browndo01"
"Ryan Cordell",641477,"cordery01"
"Felix Jorge",602928,"jorgefe01"
"Brian Schlitter",489295,"schlibr01"
"Trevor Brown",623143,"browntr01"
"Josh Smith",605479,"smithjo08"
"Ryan Sherriff",595411,"sherrry01"
"Justin Garza",621057,"garzaju01"
"Kyuji Fujikawa",493117,"fujikky01"
"Ty Tice",676709,"ticety01"
"Matt Andriese",542882,"andrima01"
"Ramón Torres",593527,"torrera01"
"Keyvius Sampson",572102,"sampske01"
"Chris Rodriguez",669735,"rodrich01"
"Richard Rodríguez",593144,"rodriri05"
"Sergio Santos",435045,"santose01"
"Allen Córdoba",642707,"cordoal01"
"Corey Ray",641999,"rayco01"
"Michael Ynoa",573589,"ynoami01"
"Kevin Correia",429781,"correke01"
"José Osuna",591741,"osunajo01"
"Wilfredo Tovar",541600,"tovarwi01"
"Deck McGuire",592547,"mcguide02"
"Félix Hernández",433587,"hernafe02"
"Conner Greene",641632,"greenco01"
"Jordy Mercer",474568,"mercejo03"
"Sócrates Brito",593647,"britoso01"
"Kenny Roberts",594977,"roberke02"
"Alec Bettinger",676424,"bettial01"
"Chris Parmelee",476633,"parmech01"
"Brandon Gomes",460156,"gomesbr01"
"Brian Flynn",543169,"flynnbr01"
"Brandon Finnegan",605232,"finnebr01"
"Chris Dominguez",458689,"dominch01"
"Trevor Hildenberger",657610,"hildetr01"
"Jake Esch",605222,"eschja01"
"Cory Luebke",458537,"luebkco01"
"Jeremy Jeffress",502026,"jeffrje01"
"Roberto Osuna",532077,"osunaro01"
"Daniel Castro",593495,"castrda01"
"Radhames Liz",467785,"lizra01"
"Asher Wojciechowski",592879,"wojcias01"
"Aaron Slegers",642083,"slegeaa01"
"Josh Smith",595001,"smithjo07"
"Tony Barnette",501817,"barneto01"
"Chad Bettis",518452,"bettich01"
"Kevin Chapman",502087,"chapmke02"
"Drew Gagnon",543193,"gagnodr01"
"Brian Bogusevic",460131,"bogusbr01"
"Cody Ege",643297,"egeco01"
"Joey Gerber",680702,"gerbejo01"
"Allan Dykstra",488852,"dykstal01"
"Bernardo Flores",641576,"florebe01"
"Andrew Albers",452027,"alberan01"
"Chad Sobotka",656977,"sobotch01"
"Taylor Guerrieri",605260,"guerrta02"
"Cedric Hunter",501986,"huntece01"
"Nori Aoki",493114,"aokino01"
"Scott Van Slyke",475100,"vanslsc01"
"Mike Marjama",605357,"marjami01"
"Gordon Beckham",493596,"beckhgo01"
"Joe Biagini",607352,"biagijo01"
"Rookie Davis",606959,"davisro03"
"Sam Gaviglio",543208,"gavigsa01"
"C. J. Wilson",450351,"wilsocj01"
"Zack Cozart",446359,"cozarza01"
"Alfredo González",554054,"gonzaal04"
"Alex Blandino",607468,"blandal01"
"Greg Infante",500872,"infangr01"
"Brandon Dickson",505447,"dicksbr01"
"Eduardo Paredes",622161,"pareded01"
"Noel Cuevas",571595,"cuevano01"
"Emilio Bonifácio",466988,"bonifem01"
"Nick Gardewine",643320,"gardeni01"
"Simon Castro",501563,"castrsi01"
"Cody Hall",595235,"hallco01"
"Tyler Lyons",544928,"lyonsty01"
"Andre Scrubb",668687,"scruban01"
"Miguel Montero",471083,"montemi01"
"Ryan Kelly",502462,"kellyry01"
"JB Shuck",543776,"shuckja01"
"Mason Williams",592863,"willima10"
"Dylan Covey",592229,"coveydy01"
"Mikie Mahtook",543484,"mahtomi01"
"Danny Ortiz",543611,"ortizda02"
"DJ Peters",656847,"peterdj01"
"J. D. Hammer",670456,"hammejd01"
"José Ramírez",542432,"ramirjo02"
"Alex Gordon",460086,"gordoal01"
"Darren McCaughan",670766,"mccauda01"
"Carlos Ramirez",570702,"ramirca01"
"Kean Wong",642221,"wongke01"
"Jeff Samardzija",502188,"samarje01"
"Gavin Cecchini",608325,"cecchga02"
"D. J. Snelten",592769,"sneltdj01"
"Tommy Doyle",656382,"doyleto01"
"Craig Breslow",444520,"breslcr01"
"Justin Nicolino",592593,"nicolju01"
"Francis Martes",642564,"martefr01"
"Brock Holt",571788,"holtbr01"
"David Aardsma",430911,"aardsda01"
"Junior Guerra",448855,"guerrju02"
"Marcus Walden",519393,"waldema01"
"Shane Robinson",453203,"robinsh01"
"John Lackey",407793,"lackejo01"
"Shogo Akiyama",673451,"akiyash01"
"Adeiny Hechavarria",588751,"hechaad01"
"Chris Gimenez",460269,"gimench01"
"Caleb Baragar",670056,"baragca01"
"Patrick Kivlehan",623182,"kivlepa01"
"Sam Deduno",465679,"dedunsa01"
"Hisashi Iwakuma",547874,"iwakuhi01"
"Kyle Ryan",594986,"ryanky01"
"Marcus Hatley",502281,"hatlema01"
"Dan Uggla",462564,"ugglada01"
"Dylan Cozens",622226,"cozendy01"
"Vicente Campos",553883,"campovi01"
"Brian O'Grady",657434,"ogradbr01"
"Trevor Cahill",502239,"cahiltr01"
"Gerson Bautista",639373,"bautige01"
"Jack López",605346,"lopezja03"
"Clint Barmes",425549,"barmecl01"
"Hunter Pence",452254,"pencehu01"
"Delino DeShields",592261,"deshide02"
"P. J. Conlon",664869,"conlopj01"
"Carlos Corporán",449786,"corpoca01"
"José Fernández",605228,"fernajo02"
"Chris Heston",518790,"hestoch01"
"Ubaldo Jiménez",434622,"jimenub01"
"Aaron Barrett",502578,"barreaa01"
"B. J. Upton",425834,"uptonbj01"
"Casey McGehee",431171,"mcgehca01"
"José Váldez",572308,"valdejo03"
"Richard Lovelady",663992,"lovelri01"
"Nate Orf",644337,"orfna01"
"Kevin Frandsen",435623,"frandke01"
"Brad Brach",542960,"brachbr01"
"Greg Bird",595885,"birdgr01"
"Sean Nolin",543594,"nolinse01"
"Bryan Anderson",457762,"anderbr05"
"Steve Geltz",544993,"geltzst01"
"Domingo Leyba",642736,"leybado01"
"Kelvin Herrera",516969,"herreke01"
"Michael Kirkman",457779,"kirkmmi01"
"Efren Navarro",519068,"navaref01"
"Sean O'Sullivan",457711,"osullse01"
"Jake Newberry",623470,"newbeja01"
"Donnie Hart",643354,"hartdo01"
"Rocky Gale",502570,"galero01"
"Christian Bergman",548357,"bergmch01"
"Enderson Franco",575070,"francen01"
"Tyler Collins",607385,"collity01"
"Kyle Lobstein",543456,"lobstky01"
"Doug Bernier",448674,"bernido01"
"Luke Jackson",592426,"jackslu01"
"Fernando Rodney",407845,"rodnefe01"
"Rafael Lopez",607257,"lopezra02"
"Kyle Seager",572122,"seageky01"
"Todd Cunningham",592239,"cunnito01"
"Tyler Wagner",621281,"wagnety01"
"Josh Lindblom",458676,"lindbjo01"
"Derek Dietrich",518618,"dietrde01"
"Carlos Martinez",593372,"martica04"
"Joaquín Benoit",276542,"benoijo01"
"Joe Wieland",543921,"wielajo01"
"Brandon Cunniff",594792,"cunnibr02"
"Gabriel Ynoa",593679,"ynoaga01"
"Ryan Carpenter",543001,"carpery01"
"Adam Jones",430945,"jonesad01"
"Alex Avila",488671,"avilaal01"
"Michael Kohn",543409,"kohnmi01"
"Kendry Flores",572309,"floreke01"
"Sam Dyson",473879,"dysonsa01"
"James Bourque",630263,"bourqja01"
"Kyle Lohse",346798,"lohseky01"
"Jaime Schultz",621289,"schulja02"
"Tim Adleman",534947,"adlemti01"
"Austin Jackson",457706,"jacksau01"
"Ian Krol",571871,"krolia01"
"Ariel Peña",516414,"penaar01"
"Dale Thayer",445612,"thayeda01"
"Xavier Cedeño",458584,"cedenxa01"
"Dustin Molleken",451783,"molledu01"
"Roel Ramírez",641995,"ramirro02"
"Pat Dean",534737,"deanpa02"
"Starlin Castro",516770,"castrst01"
"Luis Oviedo",665854,"oviedlu01"
"Chad Qualls",430589,"quallch01"
"Josh Lucas",572998,"lucasjo02"
"Matt West",519411,"westma03"
"Braden Shipley",640463,"shiplbr01"
"Julian Fernández",642759,"fernaju02"
"JaCoby Jones",592444,"jonesja07"
"Chandler Shepherd",605469,"shephch01"
"Cam Hill",657611,"hillca02"
"Brayan Peña",430910,"penabr01"
"Dakota Bacus",621290,"bacusda01"
"Alex Wilson",543935,"wilsoal01"
"Tim Cooney",608641,"cooneti01"
"David Dahl",621311,"dahlda01"
"Hector Velázquez",584171,"velazhe01"
"Melky Cabrera",466320,"cabreme01"
"Bobby Poyner",596074,"poynebo01"
"Parker Bridwell",592170,"bridwpa01"
"Tyler Goeddel",595963,"goeddty01"
"Tyler Payne",665066,"paynety01"
"Dustin Pedroia",456030,"pedrodu01"
"James Russell",460701,"russeja02"
"Pete Kozma",518902,"kozmape01"
"Huston Street",434718,"streehu01"
"Jake Barrett",545332,"barreja01"
"Rickie Weeks",430001,"weeksri01"
"Dillon Gee",518716,"geedi01"
"Peter Moylan",493247,"moylape01"
"Scott Carroll",453222,"carrosc02"
"Tim Federowicz",543148,"federti01"
"Rosell Herrera",594011,"herrero02"
"Mike Morse",434604,"morsemi01"
"Williams Jerez",605301,"jerezwi01"
"Jim Johnson",462382,"johnsji04"
"Enny Romero",544836,"romeren01"
"Nolan Reimold",460099,"reimono01"
"Jason Grilli",276351,"grillja01"
"Travis Wood",475243,"woodtr01"
"Danny Espinosa",457787,"espinda01"
"Buster Posey",457763,"poseybu01"
"Tyler Sturdevant",573188,"sturdty01"
"Neil Walker",435522,"walkene01"
"Ryan Dull",623430,"dullry01"
"Adam Warren",476589,"warread01"
"Peter Lambert",663567,"lambepe01"
"Adam Lind",452252,"lindad01"
"Ryne Harper",607560,"harpery01"
"Chase Headley",452104,"headlch01"
"Paulo Orlando",449181,"orlanpa01"
"Jakson Reetz",656883,"reetzja01"
"Derek Norris",519083,"norride01"
"Nathan Adcock",502264,"adcocna01"
"Rafael Betancourt",429783,"betanra01"
"Jeff Bianchi",488703,"biancje01"
"Bobby LaFromboise",489039,"lafrobo01"
"A. J. Ellis",454560,"ellisaj01"
"Mac Williamson",607776,"willima11"
"Mike Wright",605541,"wrighmi01"
"Nick Allgeyer",680430,"allgeni01"
"Tyler Cravy",572788,"cravyty01"
"Héctor Gómez",467143,"gomezhe01"
"Jake Noll",669738,"nollja01"
"José Briceño",593993,"bricejo01"
"Wandy Rodriguez",434643,"rodriwa01"
"Danny Santana",542454,"santada01"
"Arismendy Alcántara",570489,"alcanar01"
"Tyler Skaggs",572140,"skaggty01"
"Tommy Layne",518927,"layneto01"
"Breyvic Valera",591971,"valerbr01"
"Cody Decker",572804,"deckeco01"
"Elvis Araujo",542587,"araujel01"
"Bobby Wahl",592833,"wahlbo01"
"Mike Foltynewicz",592314,"foltymi01"
"Steve Pearce",456665,"pearcst01"
"Robert Andino",435180,"andinro01"
"Ian Miller",641878,"milleia01"
"Sam Tuivailala",592815,"tuivasa01"
"Zach Duke",435043,"dukeza01"
"Justin Smoak",475253,"smoakju01"
"Ben Rortvedt",666163,"rortvbe01"
"Junichi Tazawa",547749,"tazawju01"
"Sam Fuld",453539,"fuldsa01"
"Torii Hunter",116338,"hunteto01"
"Allen Webster",543903,"webstal01"
"Gio Gonzalez",461829,"gonzagi01"
"Nevin Ashley",502213,"ashlene01"
"Sam Travis",607752,"travisa01"
"Will Venable",461416,"venabwi01"
"Steve Hathaway",643355,"hathast01"
"Tim Lincecum",453311,"linceti01"
"Brett de Geus",676969,"degeubr01"
"Phil Klein",607309,"kleinph01"
"Matt Wotherspoon",642226,"wothema01"
"Cody Stanley",592774,"stanlco01"
"José Pirela",517369,"pireljo01"
"Robert Whalen",547007,"whalero01"
"James Jones",571825,"jonesja06"
"Artie Lewicki",592499,"lewicar01"
"Joe Nathan",150274,"nathajo01"
"Gavin Floyd",425856,"floydga01"
"Dustin McGowan",430661,"mcgowdu01"
"Renato Núñez",600524,"nunezre01"
"Arcenio Leon",455376,"leonar02"
"Nate Karns",501992,"karnsna01"
"Yohander Méndez",622795,"mendeyo01"
"Jhan Mariñez",501697,"marinjh01"
"Russell Martin",431145,"martiru01"
"Jake Smith",607727,"smithja06"
"Trent Giambrone",623508,"giambtr01"
"Brent Morel",543569,"morelbr01"
"Will Middlebrooks",519025,"middlwi01"
"Ashur Tolliver",572208,"tollias01"
"Juan Perez",543633,"perezju02"
"Onelki García",607162,"garcion01"
"Logan Verrett",548337,"verrelo01"
"Kevin Siegrist",543779,"siegrke01"
"Matt Kemp",461314,"kempma01"
"Aaron Northcraft",573062,"northaa01"
"Joey Rickard",572073,"rickajo01"
"Justin Morneau",408047,"morneju01"
"Joe McCarthy",663411,"mccarjo04"
"Colton Murray",605396,"murraco02"
"Leonel Campos",599998,"campole01"
"Ezequiel Carrera",485567,"carreez01"
"Lisalverto Bonilla",570810,"bonilli01"
"Jesmuel Valentín",621044,"valenje01"
"Alfredo Simon",430580,"simonal01"
"Jorge Guzman",660422,"guzmajo04"
"David Wright",431151,"wrighda03"
"Dillon Overton",592614,"overtdi01"
"Orlando Calixte",593525,"calixor01"
"Enrique Burgos",542609,"burgoen02"
"Rio Ruiz",547004,"ruizri01"
"Héctor Sánchez",516949,"sanchhe01"
"Tony Cruz",488810,"cruzto03"
"Joba Chamberlain",501955,"chambjo03"
"Travis Tartamella",502023,"tartatr01"
"Conor Gillaspie",543216,"gillaco01"
"David Holmberg",571787,"holmbda01"
"Luis Jimenez",499864,"jimenlu02"
"Rafael Dolis",503569,"dolisra01"
"Moisés Sierra",501213,"sierrmo01"
"Cheslor Cuthbert",596144,"cuthbch01"
"Matt Dominguez",518625,"dominma01"
"Codi Heuer",676051,"heuerco01"
"Denard Span",452655,"spande01"
"Alec Asher",594742,"asheral01"
"Ben Lively",594902,"livelbe01"
"Roman Mendez",542669,"mendero01"
"Hector Noesí",456051,"noesihe01"
"Patrick Weigel",622256,"weigepa01"
"Carlos Ruiz",434563,"ruizca01"
"Edwin Jackson",429719,"jacksed01"
"Jack Kruger",667674,"krugeja01"
"Brandon Snyder",474319,"snydebr03"
"Jedd Gyorko",576397,"gyorkje01"
"Trevor Plouffe",461858,"plouftr01"
"David Carpenter",518526,"carpeda02"
"Brian Miller",675649,"millebr03"
"Edgar Santana",650828,"santaed01"
"Mike Freeman",502273,"freemmi01"
"Zac Rosscup",573127,"rosscza01"
"Steve Selsky",592731,"selskst01"
"Wilmer Font",521655,"fontwi01"
"Matt McBride",473724,"mcbrima02"
"Casey Janssen",445163,"janssca01"
"Reymin Guduan",594056,"guduare01"
"Mike Morin",573046,"morinmi01"
"Jared Hoying",592419,"hoyinja01"
"David Goforth",592341,"goforda01"
"Franklin Gutierrez",429711,"gutiefr01"
"Angel Sánchez",605795,"sanchan03"
"Jason Marquis",150302,"marquja01"
"Sugar Ray Marimon",516970,"marimsu01"
"César Vargas",570714,"vargace01"
"Corey Hart",430611,"hartco01"
"James Hoyt",624586,"hoytja01"
"David Paulino",600944,"paulida01"
"Rob Kaminsky",641739,"kaminro01"
"A. J. Achter",592091,"achteaj01"
"Joseph Odom",641929,"odomjo01"
"Demarcus Evans",663770,"evansde01"
"T. J. Rivera",608061,"rivertj01"
"Manny Parra",448159,"parrama01"
"Jimmy Rollins",276519,"rolliji01"
"Adam Loewen",429400,"loewead01"
"Sammy Solís",519301,"solissa01"
"A. J. Schugel",519263,"schugaj01"
"Jake Brigham",502010,"brighja01"
"Wei-Chieh Huang",658791,"huangwe01"
"Akeem Bostick",641384,"bostiak01"
"Sean Burnett",430634,"burnese01"
"Felix Doubront",467094,"doubrfe01"
"Eric Surkamp",474668,"surkaer01"
"Eric Hanhold",621098,"hanhoer01"
"Daniel Webb",543900,"webbda01"
"José Fernández",628336,"fernajo03"
"Cody Carroll",606944,"carroco01"
"Jeff Baker",425557,"bakerje03"
"Isan Díaz",656371,"diazis01"
"Jorge De La Rosa",407822,"rosajo01"
"Tom Koehler",543408,"koehlto01"
"Jamie Callahan",621094,"callaja01"
"Ricardo Rodríguez",600965,"rodriri04"
"Cody Reed",642003,"reedco01"
"Pedro Strop",467008,"stroppe01"
"Charlie Barnes",656212,"barnech01"
"Matt Carasiti",571539,"carasma01"
"Shun Yamaguchi",685493,"yamagsh01"
"Jordan Schafer",457788,"schafjo02"
"Vinnie Pestano",502260,"pestavi01"
"Jake Latz",656641,"latzja01"
"Kazuhisa Makita",628318,"makitka01"
"Ryan Cook",475857,"cookry01"
"Michael Conforto",624424,"confomi01"
"Steven Wright",453214,"wrighst01"
"Jay Bruce",457803,"bruceja01"
"Ryan Braun",460075,"braunry02"
"Julio Borbon",474865,"borboju01"
"Yohel Pozo",650968,"pozoyo01"
"Ryder Jones",624507,"jonesry01"
"Justin Haley",595234,"haleyju01"
"Josmil Pinto",500887,"pintojo01"
"Pedro Araújo",606478,"araujpe01"
"Trey Amburgey",664011,"amburtr01"
"Perci Garner",592330,"garnepe01"
"Rajai Davis",434658,"davisra01"
"Preston Tucker",605512,"tuckepr01"
"Ryan Mattheus",458919,"matthry01"
"Micah Johnson",608672,"johnsmi04"
"Nick Margevicius",676606,"margeni01"
"Ryan Rua",607387,"ruary01"
"Kelvin Marte",517629,"marteke02"
"Stefan Crichton",592233,"crichst01"
"Jon Moscot",621209,"moscojo01"
"Jayson Werth",150029,"werthja01"
"Jeff Francis",433585,"francje01"
"Wes Benjamin",605138,"benjawe01"
"Murphy Smith",573166,"smithmu01"
"David Hess",605276,"hessda01"
"Tyler Webb",643778,"webbty01"
"Diego Moreno",514981,"morendi01"
"Jeff Francoeur",425796,"francje02"
"Pedro Florimón",465753,"floripe01"
"Gabriel Guerrero",602115,"guerrga01"
"José Rondon",602922,"rondojo02"
"Brennan Boesch",453269,"boescbr01"
"Alberto Rosario",451705,"rosaral01"
"Glen Perkins",450282,"perkigl01"
"Joakim Soria",465657,"soriajo01"
"Chris Rowley",635903,"rowlech01"
"Lewis Thorpe",626929,"thorple01"
"Tim Stauffer",431162,"staufti01"
"Chris Smith",434672,"smithch08"
"Braxton Lee",657658,"leebr01"
"Brendan Ryan",453895,"ryanbr01"
"Rey Fuentes",571681,"fuentre01"
"Frank Garces",571057,"garcefr01"
"Quintin Berry",450641,"berryqu01"
"Grant Dayton",594795,"daytogr01"
"Steve Johnson",489002,"johnsst02"
"Andy Wilkins",519421,"wilkian01"
"Eric Campbell",493472,"campber01"
"Mike Kickham",592464,"kickhmi01"
"Zach Lee",545346,"leeza01"
"Tsuyoshi Wada",493159,"wadats01"
"Tejay Antone",622088,"antonte01"
"Joey Lucchesi",664192,"lucchjo01"
"Jorge Rondon",504083,"rondojo01"
"Sean Guenther",674944,"guentse01"
"Andrew McKirahan",605374,"mckiran01"
"Jeff Beliveau",542924,"belivje01"
"Derek Fisher",605233,"fishede01"
"Alberto Callaspo",430948,"callaal01"
"William Cuevas",571035,"cuevawi01"
"Jacob Lindgren",605338,"lindgja01"
"Darwin Barney",446381,"barneda01"
"Mike Soroka",647336,"sorokmi01"
"Seunghwan Oh",493200,"ohse01"
"Buddy Carlyle",234194,"carlybu01"
"Thomas Field",474494,"fieldth01"
"Kyle Crockett",641490,"crockky01"
"Jake Arrieta",453562,"arrieja01"
"Yefry Ramírez",606162,"ramirye01"
"Brian Ellington",623395,"ellinbr02"
"Grady Sizemore",429713,"sizemgr01"
"Jesse Hahn",534910,"hahnje01"
"Bobby Wilson",435064,"wilsobo02"
"Colin Rea",607067,"reaco01"
"Matthew Bowman",621199,"bowmama01"
"Aaron Laffey",444836,"laffeaa01"
"Brandon McCarthy",435221,"mccarbr01"
"Erick Aybar",430947,"aybarer01"
"Mike Leake",502190,"leakemi01"
"Justin Shafer",596101,"shafeju01"
"Matt Szczur",519333,"szczuma01"
"Thomas Eshelman",664045,"eshelto01"
"Jacob May",594576,"mayja02"
"Randy Dobnak",677976,"dobnara01"
"Dan Camarena",547176,"camarda01"
"Matt Harvey",518774,"harvema01"
"Brian Dozier",572821,"doziebr01"
"Sam Freeman",518693,"freemsa01"
"Colby Rasmus",458675,"rasmuco01"
"Tanner Scheppers",489294,"schepta01"
"Barrett Astin",592120,"astinba01"
"Asdrúbal Cabrera",452678,"cabreas01"
"Brooks Brown",453156,"brownbr02"
"Casey Kelly",543391,"kellyca01"
"Beau Burrows",663366,"burrobe01"
"Casey Fien",502272,"fienca01"
"Phillip Evans",595943,"evansph01"
"Yoshihisa Hirano",673633,"hiranyo01"
"Tom Gorzelanny",452733,"gorzeto01"
"Josh Collmenter",518567,"collmjo01"
"Jake Bauers",641343,"bauerja01"
"Kyle Keller",664918,"kelleky01"
"Stolmy Pimentel",516935,"pimenst01"
"Eury Pérez",516811,"perezeu01"
"Chris Herrmann",543302,"herrmch01"
"Jerry Vasto",657786,"vastoje01"
"Matt Shoemaker",533167,"shoemma01"
"Ryan Howard",429667,"howarry01"
"Brett Anderson",474463,"anderbr04"
"Brandon Cumpton",592238,"cumptbr01"
"Glenn Sparkman",642098,"sparkgl01"
"Danny Valencia",502143,"valenda01"
"Gonzalez Germen",542674,"germego01"
"Drew Stubbs",453211,"stubbdr01"
"Aaron Thompson",457744,"thompaa01"
"Christian Friedrich",543184,"friedch01"
"Kwang Hyun Kim",547942,"kimkw01"
"Tanner Roark",543699,"roarkta01"
"Hyun Soo Kim",547957,"kimhy01"
"Robinson Leyer",622490,"leyerro01"
"Nick Buss",502544,"bussni01"
"Randy Rosario",600968,"rosarra01"
"Webster Rivas",593590,"rivaswe01"
"Blake Swihart",596119,"swihabl01"
"Scott Blewett",656240,"blewesc01"
"George Kontos",502004,"kontoge01"
"Fabio Castillo",503566,"castifa01"
"Chris Coghlan",458085,"coghlch01"
"Ross Ohlendorf",456027,"ohlenro01"
"Juan Jaime",462089,"jaimeju01"
"John Jaso",444379,"jasojo01"
"Alex Guerrero",648717,"guerral01"
"Vidal Nuño",573064,"nunovi01"
"A. J. Reed",607223,"reedaj01"
"Juniel Querecuto",578570,"quereju01"
"Jacob Nix",656798,"nixja02"
"Evan White",657108,"whiteev01"
"Brandon Beachy",545404,"beachbr01"
"Danny Dorn",457760,"dornda01"
"Kevin Shackelford",594992,"shackke01"
"Destin Hood",543329,"hoodde01"
"Brett Nicholas",592592,"nichobr01"
"Edgar Ibarra",500891,"ibarred01"
"Ryan Goins",572365,"goinsry01"
"Héctor Olivera",493343,"olivehe01"
"Gabe Klobosits",656620,"kloboga01"
"R. J. Alaniz",595798,"alanirj01"
"Adonis García",611177,"garciad01"
"Dan Slania",592753,"slanida01"
"James Pazos",572021,"pazosja01"
"Alexei Ramírez",493351,"ramiral03"
"Walker Lockett",621141,"lockewa01"
"Zach Phillips",452061,"phillza01"
"Todd Redmond",445170,"redmoto01"
"Juan Centeno",518542,"centeju01"
"Jackson Williams",519425,"willija01"
"Jaycob Brugman",595144,"brugmja01"
"Brad Mills",502166,"millsbr02"
"Bruce Chen",136600,"chenbr01"
"Marlon Byrd",407781,"byrdma01"
"Cody Martin",592533,"martico01"
"Mike Broadway",458678,"broadmi01"
"Cesar Jimenez",462945,"jimence01"
"Chance Adams",664856,"adamsch01"
"Kyle Davies",434678,"davieky01"
"Caleb Joseph",543376,"josepca01"
"Antonio Santos",665733,"santoan02"
"Boone Logan",457429,"loganbo02"
"Sherten Apostel",665947,"apostsh01"
"Severino González",605894,"gonzase01"
"David Ross",424325,"rossda01"
"Brad Goldberg",643329,"goldbbr01"
"Nick Williams",608384,"willini01"
"Alex Rios",425567,"riosal01"
"Rob Segedin",574847,"segedro01"
"Ronny Rodríguez",500135,"rodriro03"
"Kevin McCarthy",641838,"mccarke01"
"Johan Quezada",629498,"quezajo01"
"Greg Deichmann",656364,"deichgr01"
"Edward Paredes",487675,"pareded02"
"Brandon Bailey",669064,"bailebr01"
"Buddy Boshers",542953,"boshebu01"
"Franklin Morales",462985,"moralfr01"
"Jon Edwards",457754,"edwarjo02"
"Carlos Tocci",624636,"toccica01"
"Dario Alvarez",516714,"alvarda01"
"Aríel Miranda",664641,"miranar01"
"Paul Janish",457926,"janispa01"
"Mike Tauchman",643565,"tauchmi01"
"Matt den Dekker",544925,"dendema01"
"Brian Matusz",451085,"matusbr01"
"Prince Fielder",425902,"fieldpr01"
"Jacob Hannemann",595238,"hanneja01"
"José Marmolejos",592530,"marmojo01"
"J. P. Howell",434442,"howeljp01"
"Rusney Castillo",628329,"castiru02"
"Gift Ngoepe",547912,"ngoepgi01"
"Daniel Robertson",621002,"roberda10"
"Brian Navarreto",640459,"navarbr01"
"Jonny Gomes",430404,"gomesjo01"
"Justin Ruggiano",448605,"ruggiju01"
"Keon Broxton",542979,"broxtke01"
"Ryan Meisinger",664682,"meisiry01"
"Paul Clemens",518560,"clemepa02"
"Chad Smith",605477,"smithch09"
"Eric Thames",519346,"thameer01"
"Bryan Morris",457768,"morribr01"
"Colt Hynes",518833,"hynesco01"
"Christopher Bostick",607471,"bostich01"
"David Buchanan",571527,"buchada01"
"Brandon Waddell",663399,"waddebr01"
"Chris Shaw",622046,"shawch01"
"Anderson Tejeda",660731,"tejedan01"
"Jarrod Dyson",502481,"dysonja01"
"Addison Russell",608365,"russead02"
"Chris Rusin",543734,"rusinch01"
"Zack Godley",643327,"godleza01"
"Andrew Lambo",518911,"lamboan01"
"Andrew Susac",572180,"susacan01"
"Sean Gilmartin",543219,"gilmase01"
"Shae Simmons",623406,"simmosh01"
"Héctor Santiago",502327,"santihe01"
"Jerry Blevins",460283,"blevije01"
"Erik Goeddel",592340,"goedder01"
"Deolis Guerra",500610,"guerrde01"
"Tzu-Wei Lin",624407,"lintz02"
"Fernando Salas",477569,"salasfe01"
"Grégor Blanco",453923,"blancgr01"
"Andrew Young",670370,"youngan02"
"Grant Balfour",346797,"balfogr01"
"Nefi Ogando",596331,"ogandne01"
"Deivi García",665620,"garcide01"
"Alen Hanson",593700,"hansoal01"
"Justin Bour",571506,"bourju01"
"Kyle Drabek",475138,"drabeky01"
"Jake Jewell",657228,"jewelja01"
"Javier López",425657,"lopezja02"
"Nick Greenwood",572889,"greenni02"
"Blake Trahan",664167,"trahabl01"
"Carson Smith",605476,"smithca02"
"Chase d'Arnaud",488818,"darnach01"
"Brett Eibner",518649,"eibnebr01"
"Pedro Villarreal",543881,"villape01"
"Stefen Romero",552662,"romerst01"
"John Curtiss",595928,"curtijo02"
"Matt Cain",430912,"cainma01"
"Luis Sardinas",596143,"sardilu01"
"Antonio Bastardo",455374,"bastaan01"
"Jason Wheeler",605528,"wheelja01"
"Alex Wimmers",592872,"wimmeal01"
"Josh Tomlin",458708,"tomlijo01"
"René Rivera",425784,"riverre01"
"Jason Frasor",430630,"frasoja01"
"Brandon Leibrandt",605335,"leibrbr01"
"Raudy Read",600466,"readra01"
"Jake Smolinski",519295,"smolija01"
"Todd Frazier",453943,"frazito01"
"Nolan Fontana",545337,"fontano01"
"Blake Wood",502028,"woodbl01"
"Justin De Fratus",518603,"defraju01"
"Taylor Featherston",605227,"feathta01"
"Donn Roach",543698,"roachdo01"
"Yoenis Céspedes",493316,"cespeyo01"
"Hyeon-jong Yang",660365,"yanghy01"
"Dario Agrazal",642607,"agrazda01"
"Brett Wallace",477165,"wallabr01"
"Curtis Partch",489197,"partccu01"
"Chris O'Grady",622217,"ogradch01"
"Joe Colon",571572,"colonjo01"
"Bronson Arroyo",276520,"arroybr01"
"Kyle Kendrick",452718,"kendrky01"
"Jae-gyun Hwang",666561,"hwangja01"
"Alex McRae",656725,"mcraeal01"
"Mac Sceroler",669135,"sceroma01"
"Nick Burdi",595897,"burdini01"
"Jeff Mathis",425772,"mathije01"
"Kohl Stewart",640464,"stewako01"
"Ryan Lollis",489067,"lolliry01"
"Bobby Parnell",458730,"parnebo01"
"Rogelio Armenteros",660494,"armenro01"
"Madison Younginer",572283,"youngma03"
"Everett Teaford",501870,"teafoev01"
"Jason Vargas",450306,"vargaja01"
"Jhonny Peralta",425509,"peraljh01"
"Will Harris",501789,"harriwi10"
"Alejandro De Aza",457477,"deazaal01"
"Keone Kela",605309,"kelake01"
"Thyago Vieira",600986,"vieirth01"
"Jack Leathersich",605333,"leathja01"
"Wil Nieves",408242,"nievewi01"
"Michael McKenry",502374,"mckenmi01"
"Joe Ross",605452,"rossjo01"
"José Rodríguez",642578,"rodrijo07"
"Akeel Morris",592570,"morriak01"
"Justin Masterson",475416,"masteju01"
"Corban Joseph",543377,"josepco01"
"Jose Lobatón",446653,"lobatjo01"
"Dan Runzler",502130,"runzlda01"
"Desmond Jennings",457775,"jennide01"
"Williams Pérez",554234,"perezwi01"
"Burke Badenhop",488674,"badenbu01"
"Kevan Smith",607345,"smithke04"
"Miguel Almonte",602083,"almonmi01"
"Jason Martin",641829,"martija03"
"Dusty Coleman",543038,"colemdu01"
"Seth Romero",656913,"romerse01"
"Robby Scott",582494,"scottro02"
"Chien-Ming Wang",425426,"wangch01"
"Braden Bishop",623323,"bishobr01"
"Warwick Saupold",599683,"saupowa01"
"Derek Holland",502706,"hollade01"
"Michael Roth",607706,"rothmi01"
"Taylor Hill",592398,"hillta01"
"David Murphy",461815,"murphda07"
"Travis Bergen",664157,"bergetr01"
"Anthony Varvaro",460008,"varvaan01"
"Ryan Raburn",430605,"raburry01"
"Nick Ramirez",598286,"ramirni01"
"Evan Marshall",605359,"marshev01"
"Tyler Holt",534627,"holtty01"
"Rob Rasmussen",519169,"rasmuro01"
"Ryan O'Rourke",594951,"orourry01"
"Tony Zych",543964,"zychto01"
"Drew Butera",460077,"buterdr01"
"Junior Lake",516809,"lakeju01"
"Kyle Kubitza",605323,"kubitky01"
"Phil Coke",457435,"cokeph01"
"J. C. Ramírez",500724,"ramirjc01"
"Jonathon Niese",477003,"niesejo01"
"Brandon Workman",519443,"workmbr01"
"Zach Vincej",572227,"vinceza01"
"Eric Stamets",608715,"stameer01"
"Ryan Zimmerman",475582,"zimmery01"
"Michael Reed",605439,"reedmi02"
"Ariel Hernández",554374,"hernaar01"
"Randall Delgado",517414,"delgara01"
"Brady Lail",621078,"lailbr01"
"Luis Santos",608601,"santolu01"
"Ben Braymer",664069,"braymbe01"
"Tyler Wilson",592869,"wilsoty01"
"Mike Hauschild",623434,"hauscmi01"
"Lucas Duda",446263,"dudalu01"
"Yhonathan Barrios",553872,"barriyh01"
"Jason Hammel",434628,"hammeja01"
"Zac Grotz",665093,"grotzza01"
"Wilfredo Boscan",517448,"boscawi01"
"Matt Tuiasosopo",449168,"tuiasma01"
"Marcos Mateo",456496,"mateoma01"
"Mike Gerber",595222,"gerbemi01"
"Tim Hudson",218596,"hudsoti01"
"Colton Welker",666213,"welkeco01"
"Jefry Marte",527043,"marteje01"
"Jared Oliva",666931,"olivaja01"
"Chris Iannetta",455104,"iannech01"
"Michael Bourn",456422,"bournmi01"
"Max Povse",605428,"povsema01"
"Seth Smith",452234,"smithse01"
"Dillon Maples",596027,"mapledi01"
"Danny Salazar",517593,"salazda01"
"Cameron Rupp",519237,"ruppca01"
"Yovani Gallardo",451596,"gallayo01"
"John Cornely",607405,"cornejo01"
"Cody Wilson",680963,"wilsoco01"
"Nate Jones",518858,"jonesna01"
"Justin Marks",476123,"marksju01"
"Reid Brignac",458582,"brignre01"
"Carlos Sanabria",656004,"sanabca01"
"Yordano Ventura",570649,"ventuyo01"
"Domingo Santana",570267,"santado01"
"Alex Rodriguez",121347,"rodrial01"
"Josh Osich",592612,"osichjo01"
"Scott Heineman",595981,"heinesc01"
"Jahmai Jones",663330,"jonesja08"
"J. R. Graham",543242,"grahajr01"
"Jaime García",448802,"garcija02"
"Brett Oberholtzer",519085,"oberhbr01"
"Jordan Walden",477229,"waldejo01"
"Jacob Nottingham",641924,"nottija01"
"Carlos Villanueva",453646,"villaca01"
"Keith Hessler",594857,"hesslke01"
"Neal Cotts",425840,"cottsne01"
"Joel Peralta",407908,"peraljo01"
"Alberto Baldonado",593604,"baldoal01"
"Brett Graves",605255,"gravebr01"
"Cameron Maybin",457727,"maybica01"
"Josh Hamilton",285078,"hamiljo03"
"Pedro Payano",622797,"payanpe01"
"Kyle Blanks",452035,"blankky01"
"Pedro Beato",474039,"beatope01"
"Chris Young",432934,"youngch03"
"Luke Gregerson",502381,"gregelu01"
"Logan Kensing",434137,"kensilo01"
"Ryan LaMarre",534606,"lamarry01"
"Darrell Ceciliani",571553,"cecilda01"
"Welington Castillo",456078,"castiwe01"
"Buddy Baumann",571473,"baumabu01"
"Conor Mullee",571969,"mulleco01"
"Dalier Hinojosa",648737,"hinojda01"
"Mark Trumbo",444432,"trumbma01"
"Cory Mazzoni",543508,"mazzoco01"
"Blake Cederlind",664977,"cederbl01"
"Blake Parker",453284,"parkebl01"
"Dariel Álvarez",645848,"alvarda02"
"Luis Avilán",501593,"avilalu01"
"Kelby Tomlinson",605509,"tomlike01"
"Cliff Pennington",460060,"pennicl01"
"Guido Knudson",605317,"knudsgu01"
"Jeremy Hellickson",476451,"hellije01"
"Willie Bloomquist",217100,"bloomwi01"
"Ryan Court",606956,"courtry01"
"Cameron Perkins",573088,"perkica01"
"Shawn O'Malley",502523,"omallsh01"
"Dustin Ackley",554429,"ackledu01"
"Darin Mastroianni",518991,"mastrda01"
"Eric Sogard",519299,"sogarer01"
"Jon Singleton",572138,"singljo02"
"Tyler Pill",543652,"pillty01"
"Isaac Mattson",676755,"mattsis01"
"José Peraza",606299,"perazjo01"
"Mickey Jannis",595263,"jannimi01"
"Chris Heisey",502317,"heisech01"
"José Bautista",430832,"bautijo02"
"J. B. Bukauskas",656266,"bukaujb01"
"Kyle Cody",621129,"codyky01"
"Martín Prado",445988,"pradoma01"
"Paco Rodríguez",572089,"rodrist02"
"Toru Murata",538506,"muratto01"
"Mark Reynolds",448602,"reynoma01"
"Tim Lopes",621005,"lopesti01"
"Daniel Palka",594953,"palkada01"
"Vin Mazzaro",476570,"mazzavi01"
"Danny Farquhar",543144,"farquda01"
"Homer Bailey",456701,"baileho02"
"Daniel Zamora",623354,"zamorda01"
"Andrew Faulkner",605226,"faulkan01"
"Wade Davis",451584,"daviswa01"
"Brett Cecil",446399,"cecilbr01"
"Ian Desmond",435622,"desmoia01"
"Yohan Flande",456071,"flandyo01"
"Mitch Walding",605520,"waldimi01"
"Nick Kingham",592468,"kinghni01"
"Brett Kennedy",664028,"kennebr02"
"Matt Albers",458006,"alberma01"
"Yadiel Rivera",592680,"riverya01"
"Francisco Rodríguez",408061,"rodrifr03"
"Gregorio Petit",463610,"petitgr01"
"Steven Tolleson",476270,"tollest01"
"Marco Hernández",593523,"hernama02"
"Frank Herrmann",497807,"herrmfr01"
"Sal Romano",607219,"romansa01"
"Franklin Barreto",620439,"barrefr02"
"Michael Mariot",592527,"mariomi01"
"Troy Stokes",657011,"stoketr01"
"Edward Mujica",465629,"mujiced01"
"Brent Honeywell",641703,"honeybr01"
"Leonys Martín",547982,"martile01"
"Eduardo Núñez",456488,"nunezed02"
"Ricky Nolasco",445060,"nolasri01"
"Cesar Cabral",501627,"cabrace01"
"Neil Ramírez",519166,"ramirne01"
"Chris Denorfia",456121,"denorch01"
"Adrián González",408236,"gonzaad01"
"Mitch Moreland",519048,"morelmi01"
"Abiatal Avelino",623214,"aveliab01"
"Alejandro Chacin",591701,"chacial01"
"Ryan Lavarnway",543432,"lavarry01"
"Doug Fister",450729,"fistedo01"
"Nivaldo Rodriguez",670550,"rodrini01"
"Daniel Ponce de Leon",594965,"ponceda01"
"Tyler Flowers",452095,"flowety01"
"Chaz Roe",475054,"roech01"
"Mike Shawaryn",642067,"shawami01"
"Angel Nesbitt",553970,"nesbian01"
"Blaine Boyer",430641,"boyerbl01"
"Colby Lewis",407890,"lewisco01"
"Jonny Venters",458924,"ventejo01"
"Brad Peacock",502748,"peacobr01"
"Jeff Manship",453249,"manshje01"
"Ángel Pagán",434636,"paganan01"
"Travis Snider",501983,"snidetr01"
"Tyler White",643603,"whitety01"
"Josh Ravin",502051,"ravinjo01"
"Shea Spitzbarth",665661,"spitzsh01"
"Nick Anderson",623433,"anderni01"
"Trevor Rosenthal",572096,"rosentr01"
"Wilkin Castillo",446868,"castiwi01"
"Jeff Locke",502046,"lockeje01"
"Mark Teixeira",407893,"teixema01"
"Nick Martini",605361,"martini02"
"Ronald Torreyes",591720,"torrero01"
"Erik Johnson",605304,"johnser04"
"Byung Ho Park",666560,"parkby01"
"Mike Baxter",488689,"baxtemi01"
"Jimmy Paredes",517370,"paredji01"
"Nick Heath",670084,"heathni01"
"John Lamb",543424,"lambjo02"
"Rafael Bautista",622441,"bautira01"
"Josh Thole",489365,"tholejo01"
"Tyler Cloyd",543031,"cloydty01"
"Ryan McBroom",643436,"mcbrory01"
"Jesse Biddle",592145,"biddlje01"
"Omar Infante",408299,"infanom01"
"Bubba Starling",605490,"starlbu01"
"Jim Adduci",451192,"adducji02"
"Kyle Zimmer",622092,"zimmeky01"
"Jesus Montero",524968,"monteje01"
"Brett Bochy",594762,"bochybr02"
"Matt Skole",605474,"skolema01"
"Slade Heathcott",571761,"heathsl01"
"Yangervis Solarte",500208,"solarya01"
"Engelb Vielma",622713,"vielmen01"
"Jimmy Cordero",622772,"cordeji01"
"Jordany Valdespin",518170,"valdejo02"
"Gerardo Parra",467827,"parrage01"
"Jordan Yamamoto",657141,"yamamjo01"
"Alex Presley",502100,"preslal01"
"Trevor Bauer",545333,"bauertr01"
"Mallex Smith",605480,"smithma05"
"Christian Villanueva",570799,"villach01"
"Cody Ponce",664074,"ponceco01"
"Johnny Barbato",592127,"barbajo01"
"Yusmeiro Petit",433589,"petityu01"
"Tyler Ladendorf",502285,"ladenty01"
"Félix Peña",570240,"penafe01"
"Jared Hughes",453172,"hugheja02"
"Daniel Fields",571665,"fieldda01"
"Colten Brewer",605155,"breweco01"
"Chase Bradford",607473,"bradfch02"
"Rey Navarro",519071,"navarre01"
"Rafael Marchan",665561,"marchra01"
"Nick Noonan",519082,"noonani01"
"Dayan Díaz",500765,"diazda01"
"Drew Anderson",623454,"anderdr02"
"Daniel Descalso",518614,"descada01"
"Reed Johnson",407862,"johnsre02"
"Nick Markakis",455976,"markani01"
"Josh Reddick",502210,"reddijo01"
"Francisco Liriano",434538,"liriafr01"
"Nick Tropeano",607374,"tropeni01"
"Shane Carle",641438,"carlesh01"
"Dellin Betances",476454,"betande01"
"Rob Wooten",543942,"wootero01"
"Burch Smith",572143,"smithbu03"
"Matt Grace",594840,"gracema02"
"Brett Lawrie",543434,"lawribr01"
"Geoff Hartlieb",664129,"hartlge01"
"Riley Smith",642092,"smithri01"
"Austin Maddox",545348,"maddoau01"
"Taylor Williams",592865,"willita01"
"Chris Carter",474892,"cartech02"
"Logan Forsythe",523253,"forsylo01"
"Luís Madero",650347,"maderlu01"
"Marc Krauss",571868,"krausma01"
"Yonder Alonso",475174,"alonsyo01"
"Miguel Gómez",622497,"gomezmi01"
"Hector Perez",660431,"perezhe02"
"Harrison Musgrave",643466,"musgrha01"
"Robert Stock",476594,"stockro01"
"Jeremy Guthrie",425386,"guthrje01"
"Dan Altavilla",656186,"altavda01"
"James Marvel",621086,"marveja01"
"Matt Buschmann",501936,"buschma01"
"Ryan Buchter",488748,"buchtry01"
"Miguel Socolovich",462515,"socolmi01"
"Mike Dunn",445197,"dunnmi01"
"Carlos Asuaje",641319,"asuajca01"
"Munenori Kawasaki",493128,"kawasmu01"
"Ben Meyer",656738,"meyerbe02"
"David Huff",453307,"huffda01"
"James Sherfy",642073,"sherfji01"
"Kevin Cron",605196,"cronke01"
"Aaron Altherr",571437,"altheaa01"
"Jean Machi",466948,"machije01"
"Pat Valaika",642162,"valaipa01"
"Stephen Tarpley",605501,"tarplst01"
"Robbie Ross",543726,"rossro01"
"Justin Maxwell",452239,"maxweju01"
"Elvis Luciano",672773,"luciael01"
"Jonathan Papelbon",449097,"papeljo01"
"Heath Fillmyer",641571,"fillmhe01"
"Andrew Moore",621058,"moorean02"
"Koji Uehara",493157,"ueharko01"
"Yacksel Ríos",605441,"riosya01"
"Jason Kipnis",543401,"kipnija01"
"Gabriel Moya",622382,"moyaga01"
"Tim Collins",525768,"colliti01"
"Gregory Polanco",570256,"polangr01"
"Eric O'Flaherty",447714,"oflaher01"
"Cole Figueroa",502676,"figueco01"
"Seth Maness",595307,"manesse01"
"Josh Taylor",657031,"taylojo02"
"Cory Gearrin",518715,"gearrco01"
"Joey Butler",542994,"butlejo04"
"Kyle Waldrop",592835,"waldrky02"
"Shane Victorino",425664,"victosh01"
"Tony Cingrani",571561,"cingrto01"
"Brad Wieck",623364,"wieckbr01"
"Mike Fiers",571666,"fiersmi01"
"Daniel Wright",642229,"wrighda04"
"Joe Hudson",621529,"hudsojo03"
"Sherman Johnson",582473,"johnssh01"
"Reggie McClain",596035,"mcclare01"
"Skip Schumaker",435401,"schumsk01"
"Andrew Suárez",605498,"suarean01"
"Darien Núñez",628345,"nunezda01"
"José Domínguez",523848,"dominjo01"
"Ryan Kalish",501888,"kalisry01"
"James Shields",448306,"shielja02"
"Eddie Butler",572750,"butleed01"
"Dietrich Enns",608650,"ennsdi01"
"Dwight Smith",596105,"smithdw02"
"Giovanni Soto",543803,"sotogi01"
"Eric Skoglund",607215,"skogler01"
"Josh Smoker",519294,"smokejo01"
"Yasiel Puig",624577,"puigya01"
"Deivy Grullón",620453,"grullde01"
"Johnny Monell",476192,"moneljo01"
"Louis Coleman",488786,"colemlo01"
"Mark Lowe",450275,"lowema01"
"Boog Powell",621471,"powelbo02"
"Curtis Granderson",434158,"grandcu01"
"James Paxton",572020,"paxtoja01"
"Sandy Báez",622783,"baezsa01"
"Hunter Owen",670462,"owenhu01"
"Jett Bandy",542908,"bandyje01"
"Jonathan Stiever",680692,"stievjo01"
"Kyle Lloyd",643414,"lloydky01"
"Nick Tepesch",519344,"tepesni01"
"Jeremy Affeldt",346793,"affelje01"
"Ronald Belisario",430613,"belisro01"
"Ernesto Frieri",457117,"frierer01"
"Jason Coats",605183,"coatsja01"
"Ed Easley",446225,"easleed01"
"Michael Martinez",492841,"martimi02"
"Barry Zito",217096,"zitoba01"
"Hank Conger",474233,"congeha01"
"Robel García",596825,"garciro02"
"Tony Watson",453265,"watsoto01"
"Joe Thatcher",491159,"thatcjo01"
"Ike Davis",477195,"davisik02"
"Ramón Flores",570717,"florera02"
"Luke Hochevar",460024,"hochelu01"
"Logan Ondrusek",446185,"ondrulo01"
"Dana Eveland",445968,"evelada01"
"Jacob Robson",615699,"robsoja01"
"Edwin Encarnación",429665,"encared01"
"Jacob Rhame",642008,"rhameja01"
"Dean Anna",542883,"annade01"
"Xavier Scruggs",489305,"scrugxa01"
"Miguel González",456068,"gonzami03"
"Chad Bell",518445,"bellch02"
"Fernando Romero",622864,"romerfe01"
"John Axford",446099,"axforjo01"
"Austin Adams",542866,"adamsau01"
"Stephen Drew",452220,"drewst01"
"Jake Peavy",408241,"peavyja01"
"Dioner Navarro",425900,"navardi01"
"Andrew Miller",453192,"millean01"
"Jenrry Mejia",516769,"mejiaje01"
"Matt Harrison",457448,"harrima01"
"Evan Gattis",594828,"gattiev01"
"Alex Torres",456776,"torreal01"
"Adam Wilk",573244,"wilkad01"
"Dan Haren",429717,"harenda01"
"Mat Latos",502009,"latosma01"
"Scott Kazmir",431148,"kazmisc01"
"Andy Burns",542992,"burnsan01"
"Tomás Telis",542513,"telisto01"
"Carson Fulmer",608334,"fulmeca01"
"Ichiro Suzuki",400085,"suzukic01"
"Anthony Recker",489232,"reckean01"
"Lane Adams",572669,"adamsla01"
"Steven Baron",571467,"baronst01"
"Jake Elmore",518653,"elmorja01"
"Carlos Contreras",542266,"contrca01"
"Erik Cordier",449170,"cordier01"
"Nick Dini",664926,"dinini01"
"Jesen Therrien",592279,"dygesje01"
"Jason Hursh",592422,"hurshja01"
"José Reyes",408314,"reyesjo01"
"Scott Copeland",571577,"copelsc01"
"Joe Panik",605412,"panikjo01"
"Kyle Jensen",571812,"jenseky01"
"Zach McAllister",502083,"mcallza01"
"André Rienzo",516589,"rienzan01"
"Dovydas Neverauskas",596720,"neverdo01"
"Steve Clevenger",502182,"clevest01"
"A. J. Morris",571963,"morriaj01"
"Tyler Moore",489138,"moorety01"
"Jonathan Herrera",468406,"herrejo03"
"Ryan Flaherty",475247,"flahery01"
"A. J. Burnett",150359,"burnea.01"
"Rafael Martín",514669,"martira04"
"Dan Johnson",430681,"johnsda06"
"Bo Schultz",544759,"schulbo02"
"Chad Jenkins",554432,"jenkich01"
"Nick Delmonico",547170,"delmoni01"
"Zack Burdi",641420,"burdiza01"
"Jason Motte",435400,"motteja01"
"Jay Flaa",664852,"flaaja01"
"Ray Black",605143,"blackra01"
"Tyler Saladino",573135,"saladty01"
"Francisco Cervelli",465041,"cervefr01"
"Chris Stewart",455755,"stewach01"
"Hunter Cervenka",543017,"cervehu01"
"Gerald Laird",408042,"lairdge01"
"Drew Robinson",592685,"robindr01"
"Kevin Kaczmarski",664842,"kaczmke01"
"Ryan Brett",592166,"brettry01"
"Scott Baker",435044,"bakersc02"
"Brett Gardner",458731,"gardnbr01"
"Sterling Sharp",643532,"sharpst01"
"Kendrys Morales",434778,"moralke01"
"Cristhian Adames",542436,"adamecr01"
"Justin Anderson",605121,"anderju01"
"Adam LaRoche",425560,"larocad01"
"Blake Smith",544930,"smithbl01"
"Michael Choice",574831,"choicmi01"
"Chris Narveson",429780,"narvech01"
"David Hale",571735,"haleda02"
"Raúl Alcántara",593417,"alcanra01"
"Kenta Maeda",628317,"maedake01"
"Javy Guerra",457915,"guerrja01"
"Josh Phegley",572033,"phegljo01"
"Kris Medlen",450665,"medlekr01"
"Bryce Brentz",518490,"brentbr01"
"Yasmany Tomás",630111,"tomasya01"
"Chris Young",455759,"youngch04"
"L. J. Hoes",543321,"hoeslj01"
"Kyle Dohy",675971,"dohyky01"
"Dilson Herrera",599096,"herredi01"
"Jorge Bonifacio",593528,"bonifjo01"
"Michael Blazek",518468,"blazemi01"
"Matt Marksberry",621408,"marksma01"
"Tony Sanchez",506997,"sanchto01"
"Chris Davis",448801,"davisch02"
"Daniel Johnson",669288,"johnsda07"
"Carlos Frías",516910,"friasca01"
"Marco Estrada",462136,"estrama01"
"Kyle McGowin",641851,"mcgowky01"
"Steven Moya",570615,"moyast01"
"Jemile Weeks",457789,"weeksje01"
"John Andreoli",607430,"andrejo03"
"Tyler Zuber",676604,"zuberty01"
"Nick Hundley",460026,"hundlni01"
"Dalton Pompey",592647,"pompeda01"
"Anthony Swarzak",461872,"swarzan01"
"Adonis Rosa",650738,"rosaad01"
"Alexi Ogando",468396,"ogandal01"
"Jairo Díaz",545064,"diazja01"
"Ty Buttrey",621142,"buttrty01"
"R. A. Dickey",285079,"dicker.01"
"Wander Suero",593833,"suerowa01"
"Carlos Beltrán",136860,"beltrca01"
"A. J. Griffin",456167,"griffaj01"
"Ali Sánchez",645305,"sanchal04"
"Alex De Goti",621008,"degotal01"
"Billy Butler",456714,"butlebi03"
"Michael Tonkin",543859,"tonkimi01"
"Alfredo Marte",501245,"marteal01"
"Bryan Mitchell",571951,"mitchbr01"
"Johnny Davis",643275,"davisjo06"
"Andrew Bailey",457732,"bailean01"
"Johnny Giavotella",543213,"giavojo01"
"Mike Olt",592609,"oltmi01"
"Erik Kratz",456124,"kratzer01"
"Jung Ho Kang",628356,"kangju01"
"Zach Granite",643335,"graniza01"
"Chris Volstad",458690,"volstch01"
"Carlos Gómez",460576,"gomezca01"
"Jamie Romak",457449,"romakja01"
"Esmil Rogers",469134,"rogeres01"
"Taylor Gushue",656494,"gushuta01"
"Chase Utley",400284,"utleych01"
"Ramiro Pena",455369,"penara02"
"Juan Uribe",346874,"uribeju01"
"Matt Holliday",407812,"hollima01"
"Wei-Chung Wang",623913,"wangwe01"
"Jordan Jankowski",543357,"jankojo01"
"Dan Straily",573185,"straida01"
"David Lough",518953,"loughda01"
"Randy Choate",329092,"choatra01"
"Charlie Furbush",518703,"furbuch01"
"Richie Shaffer",572128,"shaffri01"
"Edinson Volquez",450172,"volqued01"
"Tyler Ivey",663959,"iveyty01"
"Adam Eaton",594809,"eatonad02"
"Nik Turley",543867,"turleni01"
"Jeremy Bleich",542946,"bleicje01"
"Clayton Richard",453385,"richacl01"
"LaTroy Hawkins",115629,"hawkila01"
"Anthony Ranaudo",519168,"ranauan01"
"Trey Wingenter",622259,"wingetr01"
